1,Jerry Woods,1987-5-27
2,Patton Perez,1996-2-10
3,Andy Palmer,1982-1-23
4,Danny Burger,1978-12-7
5,Wes Bryant,1977-8-5
6,Dusty Johns,1977-2-17
7,Lee Trevor,1992-8-21
8,Sergio Rose,1987-4-21
9,Justin Garcia,1994-8-14
10,Randy Fowler,1984-4-11
11,Tom Casey,1991-10-3
12,James Thomas,1979-12-22
13,Jack Nickels,1986-2-24
14,Joey Watson,1994-6-11
15,Mark Leech,1984-8-30
16,Russ Homey,1996-11-17
17,Alex Rahm,1977-4-8
18,Jordan Speed,1991-12-27
19,Jason Duffy,1990-8-28
20,Liam Horse,1984-10-2
21,Kevin Kissme,1986-9-2
22,Bryan Harmony,1989-1-16
23,Matsu Hidey,1994-10-25
24,Booth Koepka,1986-4-3
25,Phil Mickey,1993-3-19
26,Chaz Hoffman,1981-7-29
27,Matty Kuch,1981-1-21
28,Brendan Stool,1985-1-5
29,Kyle Stands,1987-9-17
30,Ashton Hadwin,1995-8-10
